,0
London,2909
Italy,1697
Paris,1520
Japan,1437
Florida,1207
Australia,1163
Spain,1043
India,1025
France,1004
New York,1004
China,906
Mexico,904
Scotland,893
Canada,892
Thailand,736
Ireland,736
California,694
New Zealand,674
Iceland,653
Rome,646
Travelling,603
Greece,552
Singapore,515
Hawaii,498
Chicago,497
Costa Rica,460
America,454
Cuba,441
Barcelona,429
Vietnam,428
Dubai,412
Venice,406
Germany,403
Hong Kong,401
Las Vegas,397
San Francisco,394
Los Angeles,393
Portugal,393
Washington,387
Amsterdam,386
Miami,381
Tokyo,364
Texas,350
New York City,344
England,343
Sydney,341
Ecuador,334
Arizona,321
Philippines,320
Toronto,319
Egypt,313
Norway,310
Switzerland,303
Turkey,302
Boston,298
Colombia,292
Charlesfrize,292
Russia,284
Brazil,278
Join,267
Colorado,266
Alaska,261
Prague,258
"Tokyo,Japan",257
Indonesia,255
App Dingtone,250
Oregon,246
Peru,244
Seattle,241
Argentina,240
South Africa,239
Madrid,234
New Orleans,232
Dublin,230
Berlin,224
Athens,224
San Diego,214
Jamaica,211
Bangkok,211
Bali,208
Georgia,205
Belgium,205
Malaysia,202
Poland,201
Vegas,197
Atlanta,197
Sweden,195
Turismo,195
Bahamas,194
Edinburgh,183
New Mexico,181
"Paris,France",181
Morocco,171
Vienna,169
Stockholm,168
Orlando,167
Belize,164
Cambodia,163
Utah,160
Sri Lanka,159
Croatia,157
Pakistan,157
Vancouver,155
Montreal,154
"India,South Africa,Peru,Vietnam",148
United States,148
Manhattan,146
Austria,145
Chile,145
"Charlesfrize,Frize Media",143
Israel,141
Liburan,136
Brexit,135
Panama,133
Kyoto,132
Istanbul,131
Budapest,127
"Thailand,Sri Lanka,Egypt",127
"China,Morocco",127
Instagram,123
Aruba,123
Nashville,121
Dallas,119
Britain,117
Puerto Rico,116
Netherlands,115
Kenya,114
Expedia,113
Taiwan,111
Brussels,111
Photo,109
Seoul,108
Holland,107
"Palawan,Travelin",107
Denver,106
"Bali,Philippines",106
United Kingdom,106
Virginia,106
Havana,104
Airbnb,104
Hollywood,103
Mexico City,103
Birmingham,101
Finland,100
Glasgow,98
"India,Sri Lanka Turkey,Egypt",98
Maine,97
Manchester,96
Beijing,96
"Cuba,Havana",96
Tanzania,95
Mumbai,94
Philadelphia,93
Cornwall,93
california,92
North Carolina,92
Grutade,91
"Morocco Greece,Egypt",91
Nigeria,91
Pennsylvania,90
Baltics,89
Melbourne,88
Milan,88
Houston,86
"Los Angeles,California",85
Shanghai,83
Cape Town,82
Bulgaria,82
Munich,81
Iran,81
Portland,81
Moscow,81
Patagonia,80
"Italy,Venice",80
Northern Ireland,79
Nepal,79
South Carolina,78
Delhi,76
Belfast,76
Victoria,76
Jordan,76
Tennessee,76
Michigan,75
Nicaragua,75
La,75
"Florida,Orlando",75
Ottawa,75
Guatemala,75
San Antonio,74
Cozumel,74
"India,Bolivia,Japan,Peru,Mexico",74
Throwback,74
Wales,74
Venezuela,74
Lisbon,73
Ohio,73
Hamburg,72
"Kyoto,Japan",72
Punta,72
Pittsburgh,72
Romania,72
Kuala Lumpur,71
Indiana,71
South Korea,70
Korea,70
Luxurytravel,70
Brighton,70
Slovenia,70
Namibia,70
Italia,68
Fiji,68
the United States,68
Idaho,67
Alberta,66
Ghana,66
Tuscany,66
Baltimore,65
Perth,65
Massachusetts,64
"Canada,Canadan",63
Para,63
Dublin Ireland,63
"Spain,Madrid",62
Milwaukee,62
Charleston,62
Auckland,61
Palawan,61
Ontario,61
Montana,59
"Turkey,Istanbul",59
Bolivia,59
Lebanon,58
"Beijing,China",58
Frankfurt,58
Minnesota,58
Cairo,58
F2,58
Puerto Vallarta,58
Traveling,57
"Australia,Sydney",57
Beach,57
Liverpool,57
Honolulu,57
"Latvia,Riga",56
Wyoming,56
"Russia,Moscow",56
Jakarta,55
Quebec,55
Sicilia,55
Austin,54
Louisiana,54
Cleveland,54
Twitter,54
Laos,53
Myanmar,53
Quebec City,53
Uganda,53
Virginia Beach,53
Brooklyn,52
Bhutan,52
Maryland,52
Berlin Germany,52
Lima,52
Ciudad,51
Norfolk,51
Memphis,51
"Mexico,Tanzania",50
"Spain,Barcelona",50
Saudi Arabia,50
"England,London",50
Manila,49
Phoenix,49
"Indochina,Greece Morocco",49
Santa,49
Miami Beach,48
"Paris,London",48
Sicily,48
Tibet,48
Qatar,48
Hotels,47
L A,47
Denmark,47
Ethiopia,47
"Italy,Rome",47
Chiang Mai Thailand,47
Panama City,47
Calgary,47
Trinidad,46
Malang,46
Rwanda,46
Zimbabwe,45
Indianapolis,45
Detroit,45
Sardinia,45
Vermont,45
British Columbia,45
New Jersey,45
Strasbourg,44
Wisconsin,44
Bruges,44
Ukraine,44
"Taiwan,Taipei",43
Missouri,43
"Thailand,Indonesia",43
Las Vegas Vacation Compare Hotels,43
Queensland,43
Tampa,43
San Juan,43
Penang,43
Asakusan,42
Palm Springs,42
"North South,Dublin Click",42
Illinois,42
Tasmania,42
Richmond,41
Nice,41
Belgrade,41
Springfield,41
Albania,41
Setiawan,41
Tel Aviv,40
Alabama,40
Los Cabos,40
Zurich,40
Oman,40
Deidara,39
"Scotland,Edinburgh",39
Sekunden,39
"Greece,Athens",39
"Kuala Lumpur,Malaysia",39
"Shanghai,China",39
Tornado,39
Santa Barbara,39
Honduras,39
Hanoi,39
Minneapolis,39
Cabo,38
Hyderabad,38
Bloomberg,38
Via,38
Santorini,38
Osaka,38
Oslo,38
Oklahoma,38
Marrakech,38
Newcastle,38
Las Vegasn,37
"Hanoi,Vietnam",37
Nevada,37
Niagara,37
Antwerp,36
Taipei,36
Zanzibar,36
"San Francisco,California",36
"Dublin,Ireland",36
Hungary,36
Pulau Lengkuas dan,36
Leeds,36
Geneva,36
Kansas,36
Armenia,36
"Virginia,Middleburg",35
"New York,United States",35
Disneyland,35
Monaco,35
Syria,35
Calling,35
Estonia,34
Dubai United Arab Emirates,34
Warsaw,34
Tahiti,34
Wellington,34
"Florida,Miami",34
Brisbane,34
the Czech Republic,34
Cambridge,34
Boca Raton F L,34
Magic Kingdom,34
"Netherlands,Amsterdam",34
Kentucky,34
Jerusalem,33
"Bangkok,Thailand",33
Zagreb,33
Fort Lauderdale,33
San Jose,33
New Delhi,33
Ibiza,33
Trippin,33
Montenegro,33
Beverly Hills,33
"Cairo,Egypt",33
Luxembourg,32
Phuket,32
Munich Germany,32
Las Vegas Rihanna,32
Latvia,32
Frize Media,32
Liguria,32
Us,32
Nomad,31
Tucson,31
Santa Monica,31
New Hampshire,31
Connecticut,31
"Otivar,Spain",30
Devon,30
Salt Lake City,30
Dominican Republic,30
"South Padre,South Padre Island,Texas",30
"Guangzhou,China",29
Salzburg,29
Macau,29
Oxford,29
"New Zealand,Auckland",29
View,29
"Austin,Texas",29
Best Hotel Deal24,29
El Salvador,28
Antalya,28
"Warsaw,Poland",28
Train,28
Helsinki,28
"San Antonio,Texas",28
"New Zealand,Australia",28
Island,28
San Vitoal Tagliamento,28
"Berlin,Germany",28
St Louis,28
Bottle,27
"Italy,Sardinia",27
Doha,27
Quito,27
"Manhattan,New York",27
"South Korea,Seoul",27
Southampton,27
Mongolia,27
"New York City,New York",27
Arkansas,27
Seville,27
Cycling,27
Iowa,27
Naples,27
Tips,27
Prague Czech Republic,27
"Hotels,Malaysia",26
Tunisia,26
Breakfast,26
"Vienna,Prague",26
Tanta,26
"Hotels,Thailand",26
"Hamburg,Germany",26
Buenas,26
"Georgia,Atlanta",26
"Oregon,Portland",26
"Canada,Toronto",26
Cincinnati,26
Kazakhstan,26
the Dominican Republic,26
Friuli,26
Canberra,26
San Juan Puerto Rico,25
"San Francisco,Insta Scenic",25
"Dallas,Texas",25
"United States,Texas",25
Vagando,25
Sedona,25
Roma,25
Travel1421701835,25
Guadalajara,25
Louisville,25
Mississippi,25
"Vegas,Las Vegas",25
Kansas City,25
"Colorado,Denver",25
"Manhattan,New York City",25
"Vienna,Austria",25
Kathmandu,25
Visit,25
"Antalya,Turkey,Tornado",24
Uber,24
"United States,California",24
"Thailand,Chiang Mai",24
Ho Chi Minh City,24
"Canada,Alberta",24
Kyrgyzstan,24
Vacayo,24
"Hotels,Philippines",24
Angola,24
Bordeaux,24
Jersey,24
Como,24
La Jolla,24
Tjn,24
Lapland,23
"San Diego,California",23
States,23
Santiago,23
Property1309010025,23
"Sicily,Italy",23
the Centre of Rome,23
Kerala,23
Bath,23
Charlotte,23
"Zihuatanejo Book,Mexico",23
Botswana,23
Tijuana,23
"Hotels,Singapore",23
Basilica,23
North Wales,23
Home,23
Bogota,23
Jaipur,23
"Hotels,China",23
Grenada,23
Photography,22
"Spain,Valencia",22
Trekking,22
Algeria,22
Antigua,22
the Windy City,22
Sheffield,22
"Charlesfrize,Italy",22
"Hotels,Japan",22
Canadan,22
North Dakota,22
"Las Vegas,Nevada",22
Medellin,22
"India,Mumbai",22
Feeling,22
"Strasbourg,France",22
"Osaka,Japan",22
Insta,22
"Miami Beach,Miami",22
Florence,22
Queenstown,21
Riga,21
Rachel,21
Lion city,21
Online,21
Luang,21
Rent,21
Holidy,21
Las Vegas Strip,21
"England,Sri Lanka",21
North Korea,21
Buffalo,20
Everton,20
"Freedom Tibet,India,Tibetan Tibet",20
Palm Beach,20
Rio de Janeiro,20
Newark,20
Macedonia,20
Mundo,20
"Scotland,Indiana",20
"Belgium,Brussels",20
Toledo,20
Township,20
Lahore,20
South Dakota,20
New Zealandn,20
Riviera Maya,20
Palau,20
Animal Kingdom,20
Madagascar,20
Sapa,20
Saskatchewan,20
"Mexico,Mexico City",20
"Sweden,Stockholm",20
"Perlu,Liburan",20
Vlog,20
Greenland,20
Newfoundland,20
Halifax,20
"Budapest,Hungary",20
Xplore,19
Dover,19
Preparando,19
the British Virgin Islands,19
Belle,19
"Doha,Qatar",19
Oakland,19
Corsica,19
Tulum,19
Einaudi,19
Valencia,19
Cartagena,19
San Sebastian,19
St Lucia,19
Casas,19
Sorrento,18
San Fran,18
Uso Dingtone,18
Visiting,18
San Simeon,18
"Illinois,Chicago",18
Roatan,18
Norwich,18
Emirates,18
"Dharamsala,India,Mumbai,Tibet",18
Es Mexico,18
Provence,18
North Norfolk,18
Quando,18
"Miami Beach,Florida",18
South Beach,18
Cephalonia,18
Dingtone,18
Top10,17
Walking,17
Manitoba,17
Euston,17
Haiti,17
the Virgin Islands,17
Maluku,17
Pueblo,17
"United States,America",17
Myrtle Beach,17
"Finland,Helsinki",17
Cumbria,17
Bahrain,17
Magic,17
West Virginia,17
Chiang Mai Northern Thailand,17
Vatican City,17
"Jerusalem,Israel",17
Love,17
"Italia,Italy",17
Kolkata,17
Serbia,17
Sacramento,17
"Honolulu,Hawaii",17
Prueba Dingtone,17
"Milan,Italy",17
Lithuania,17
Czech Republic,17
Senegal,16
West Papua,16
Santa Marta,16
"Monterey,California",16
"United Kingdom,London",16
Rhode Island,16
Booking,16
Tulum Mexico,16
"Mexico,Cozumel",16
Northampton,16
Vacationn,16
Yorkshire,16
"Hong Kong,China",16
Edmonton,16
"France,Nice",16
Boracay,16
"France,Brittany",16
Cape,16
St Petersburg,16
Rafting,16
Colorado Springs,16
Bitcoin,16
Etsy,16
Trips,16
"Las Vegas Orlando,Mexico",16
Trw0,16
Spring,15
Panama City Beach,15
Asheville,15
"Holland,Netherlands",15
"New Zealand,Wellington",15
"Tamarindo,Costa Rica",15
Inspire,15
"Delhi,India",15
"Portland,Oregon",15
"Brooklyn,New York",15
Karachi,15
"Tasmania,Australia",15
"Puerto Vallarta Travel,Rent",15
the Greek Islands,15
"Patina,Los Angeles,California",15
Scottsdale,15
Columbus,15
Gatlinburg,15
Santa Cruz,15
Pigeon,15
Goa,15
Rapid City,15
Amazonas,15
Olympic,15
Cologne,15
Sudan,15
Phnom Penh,15
"Belgium,Bruges",15
"Charlesfrize,Australia,Frize Media",15
"Australia,Travelling",15
"Switzerland,Zurich",15
Calais,15
Cali,15
Playa del Carmen,15
"Toronto,Canadan",15
Saint,15
Krakow,15
Cyprus,15
Lombok,15
Buona,15
Andorra,15
Cairns,15
"Charlesfrize,Frize Media,Las Vegas",15
Fort Myers,15
Worth,15
Slovakia,15
Xnv02,15
Madakaripura,15
Tegucigalpa,15
Chiang Mai Thailandnn,15
Heathrow,15
"Birmingham,London",15
"Naples,Italy",14
Jutilise Dingtone,14
"K Handcrafted,Chiang Mai Thailand Shipped",14
"Yunnan,China",14
Catalonia,14
Golden State,14
"Manila,Philippines",14
"Maluku,Ora Beach,Indonesia",14
Atlantic City,14
Macao,14
Massive,14
"London,Travelling",14
Luton,14
Litchfield,14
Suffolk,14
"Spain,Vilafams",14
"Brussels,Brexit",14
Cada,14
Catalunya,14
Frankfurt Germany,14
Harbour,14
"Hvar,Croatia",14
Napoli,14
Amman,14
"Australia,Queensland",14
"United States,New Jersey",14
Wristband,14
"India,Charlesfrize",14
Abu Dhabi,14
"Italy,Puglia",14
"United States,Florida",14
Sunshine State,14
Viena,14
Mykonos,14
Malioboro,13
Vegan,13
Inviernon,13
Armand,13
Germanys,13
Puglia,13
"Amazonn,Scotland",13
Sending,13
Malaga,13
"Rome,Italy",13
Seoul Korea,13
Afghanistan,13
Reunion Island,13
L,13
Amazing,13
Stratford,13
A3ps,13
Fat,13
Johannesburg,13
Kelowna,13
Valtellina,13
"New Orleans,Louisiana",13
Honeymoon,13
Quinta,13
"The Island of Sifnos,Greece",13
Hamburg Germany,13
York,13
Chiang Mai,13
"France,Corsica",13
"Ontario,Canada",13
San Gennaro,13
Gloucestershire,13
"Florida,Tampa",13
"London,Edinburgh",13
Albany,13
Ireland Ireland,13
"Spain,Strawberry",13
Camden,13
"Pittsburgh,Pennsylvania",13
Dominica,13
Travel Reviviendo,13
Nueva York,13
"India,China",13
"Quito,Ecuador",13
Savannah,13
"Russia,England",13
"France,Avignon",13
Albuquerque,13
Gosto,13
St Kitts,13
Iraq,13
"Hotels,India",13
"Northern Thailand,Pai",12
"Pisa,Italy",12
Plan,12
Goodnight,12
"Newport Beach,Charlesfrize,California",12
Los Cabos G V,12
Simply Beach,12
Nairobi,12
Paraiso,12
Fiverr,12
Bosnia,12
Sao Paulo,12
Surrey,12
"Texas,Houston",12
Dustan,12
"Italy,Florence",12
Malta,12
Magical,12
"Los Angeles,Las Vegas",12
"Canada,China",12
Miami Brew Bus,12
Verona,12
"San Francisco Wine,Frize Media,Charlesfrize",12
"Hotels,Australia",12
Cheltenham,12
Tallahassee,12
Oklahoma City,12
Fairmont,12
Wearing,12
"Cozumel,Bahamas",12
"Kenya,Nairobi",12
"Spain,Toledo",12
Kosovo,12
Bronx,12
"Peru,Lima",12
Borneo,12
"Jogja,Pegi Pegi",12
Scuba,12
Sintra,12
"New York City Manhattan Bronx Queens Brooklyn,New York",12
Jakartan,12
Guangzhou,12
"Washington,Seattle",12
"Finlandia,Lapponia",12
Tenerife,12
Fragebogens,12
Data1401377866,12
San Lucas,12
Gdansk,12
"Ireland,Scotland",12
Mahalo,11
Baton,11
"Colorado,United States",11
Kuwait,11
Negril Jamaica,11
Guyana,11
"England,Iran,Japan",11
"Australia,Brisbane",11
"London,New York",11
Siem Reap Cambodia,11
Safe,11
Delaware,11
Centro,11
Sunderland,11
"Arkansas,United States",11
Salem,11
Conventa,11
Yunnan,11
Barstow,11
Paraso,11
Great Britain,11
Cocoa Beach,11
"Venice,California",11
"Freedom Tibet,India,China,Tibetan Tibet",11
Bucharest Romania,11
Volunteer,11
Sarajevo,11
Anfield,11
the Islamic Republic of,11
Puerto,11
"Turkey,Charlesfrize",11
Bratislava,11
"San Gennaro al Rione,Napoli",11
Adelaide,11
Fuerteventura,11
Love Island,11
The Czech Republic,11
"Germany,Frankfurt",11
South Florida,11
Bucharest,11
"Liburan,Indonesia",11
"Hotels,South Korea",11
Uruguay,11
San Marino,11
Escape,11
St Maarten,11
Maya,11
Riomaggiore,11
Railway,11
Azerbaijan,11
"Changi Village,Singapore",11
"Scotland,Edinburgh,Holyrood",11
Kingdom,11
Hard Rock,11
Tune,11
Osprey,11
West Jet,11
Hiroshima,11
Nassau,11
"Russia,St Petersburg",11
"Miami,South Beach",11
Balearic,11
"London,Manchester",11
Aus,11
South Australia,11
Yn,11
"Nigeria,Dubai",11
Nottingham,11
Dundee,11
"New York City Manhattan Bronx,New York",10
"Kissimmee,Florida",10
Huntington Beach,10
Pilipinas,10
"England,Scotland",10
Colombo,10
Positano,10
Canary Islands,10
Park City,10
"India,Tibet",10
Vail,10
Andalusia,10
"Scotland,Highlands",10
Basel,10
Santa Clara,10
"Cuba,Trinidad",10
"Tbilisi,Georgia",10
Clouds,10
United Arab Emirates,10
Shenzhen,10
Ho Chi Minh,10
Sperlonga,10
"Penang,Malaysia",10
South Wales,10
Sri Lankan,10
"Rome,Charlesfrize,Italy,Frize Media",10
"Veneto,Italy,Turismo,Venice",10
Oz,10
Zante,10
Pictonnn,10
"United States,Pennsylvania",10
Valle,10
Media,10
"Hong Kong,Macau",10
Muscat,10
Bogot,10
Chiapas,10
Tenerifelicidad,10
Marrakesh,10
Padar Island,10
"Fort Lauderdale,Florida",10
"Tel Aviv,Israel",10
Denmarks,10
Feb,10
Bremen Germany,10
"Ireland,Belfast",10
"Kilauea,Hawaii",10
Drive,10
"Ohio,Columbus",10
Beirut,10
East Africa,10
"Canada,Vancouver",10
Hashtag,10
Newport,10
Puerto Vallarta Mexico,10
"Florida,Cocoa Beach",10
"Pilipinas,Iloilo",10
"Patagonia,Argentina",10
Aquela,10
"Ho Chi Minh City,Vietnam",10
Belarus,10
"Baltimore,Maryland",10
Tonga,10
"Spain,Turismo",10
Croydon,10
Duomo,10
Acapulco,9
South Padre Island,9
"China,India,Tibet,Dharamsala,Mumbai",9
"Long Beach,California",9
"England,Charlesfrize",9
"Salzburg,Austria",9
Xr,9
"Jacksonville,Florida",9
"Dharamsala,India,Tibet",9
"Berlin,Berlin Germany",9
Medelln,9
"Spain,Italy",9
Use Dingtone,9
"Toronto,Frize",9
Oxfordshire,9
"Salt Lake City,Utah",9
